from,to
https://www.iteso.mx,https://www.iteso.mx#main-content
https://www.iteso.mx,https://www.iteso.mx/c/portal/update_language?p_l_id=26561&redirect=%2F&languageId=en_US
https://www.iteso.mx,https://www.iteso.mx/c/portal/update_language?p_l_id=26561&redirect=%2F&languageId=es_ES
https://www.iteso.mx,https://www.iteso.mx/c/portal/login?p_l_id=26561
https://www.iteso.mx,https://www.iteso.mx
https://www.iteso.mx,https://www.iteso.mx/conocenos
https://www.iteso.mx,https://www.iteso.mx/aspirantes
https://www.iteso.mx,https://estudiantes.iteso.mx/
https://www.iteso.mx,https://www.iteso.mx/web/internacional/visiting_students
https://www.iteso.mx,https://egresados.iteso.mx/
https://www.iteso.mx,https://profesores.iteso.mx/
https://www.iteso.mx,https://www.iteso.mx/familias
https://www.iteso.mx,https://www.iteso.mx/contacto
https://www.iteso.mx,https://www.iteso.mx
https://www.iteso.mx,https://www.iteso.mx/conocenos
https://www.iteso.mx,https://www.iteso.mx/aspirantes
https://www.iteso.mx,https://estudiantes.iteso.mx/
https://www.iteso.mx,https://www.iteso.mx/web/internacional/visiting_students
https://www.iteso.mx,https://egresados.iteso.mx/
https://www.iteso.mx,https://profesores.iteso.mx/
https://www.iteso.mx,https://www.iteso.mx/familias
https://www.iteso.mx,https://www.iteso.mx/contacto
https://www.iteso.mx,https://www.iteso.mx/programas
https://www.iteso.mx,https://noticias.iteso.mx/
https://www.iteso.mx,https://agenda.iteso.mx/
https://www.iteso.mx,https://investigacion.iteso.mx/
https://www.iteso.mx,https://iteso.mx/web/academia
https://www.iteso.mx,https://vinculacion.iteso.mx/
https://www.iteso.mx,https://www.iteso.mx/web/internacional
https://www.iteso.mx,https://www.iteso.mx/web/admision
https://www.iteso.mx,https://www.iteso.mx/conocenos
https://www.iteso.mx,https://www.iteso.mx/aspirantes
https://www.iteso.mx,https://estudiantes.iteso.mx/
https://www.iteso.mx,https://www.iteso.mx/web/internacional/visiting_students
https://www.iteso.mx,https://egresados.iteso.mx/
https://www.iteso.mx,https://profesores.iteso.mx/
https://www.iteso.mx,https://www.iteso.mx/familias
https://www.iteso.mx,https://www.iteso.mx/contacto
https://www.iteso.mx,https://mi.iteso.mx/user/102
https://www.iteso.mx,https://www.iteso.mx/c/portal/logout
https://www.iteso.mx,https://www.iteso.mx
https://www.iteso.mx,https://www.iteso.mx/c/portal/login?p_l_id=26561
https://www.iteso.mx,https://www.iteso.mx/c/portal/update_language?p_l_id=26561&redirect=%2F&languageId=en_US
https://www.iteso.mx,https://www.iteso.mx/c/portal/update_language?p_l_id=26561&redirect=%2F&languageId=es_ES
https://www.iteso.mx,https://www.iteso.mx/conocenos
https://www.iteso.mx,https://www.iteso.mx/aspirantes
https://www.iteso.mx,https://estudiantes.iteso.mx/
https://www.iteso.mx,https://www.iteso.mx/web/internacional/visiting_students
https://www.iteso.mx,https://egresados.iteso.mx/
https://www.iteso.mx,https://profesores.iteso.mx/
https://www.iteso.mx,https://www.iteso.mx/familias
https://www.iteso.mx,https://www.iteso.mx/contacto
https://www.iteso.mx,https://www.iteso.mx/programas
https://www.iteso.mx,https://noticias.iteso.mx/
https://www.iteso.mx,https://agenda.iteso.mx/
https://www.iteso.mx,https://investigacion.iteso.mx/
https://www.iteso.mx,https://iteso.mx/web/academia
https://www.iteso.mx,https://vinculacion.iteso.mx/
https://www.iteso.mx,https://www.iteso.mx/web/internacional
https://www.iteso.mx,https://www.iteso.mx/web/admision
https://www.iteso.mx,https://www.iteso.mx/programas
https://www.iteso.mx,https://noticias.iteso.mx/
https://www.iteso.mx,https://agenda.iteso.mx/
https://www.iteso.mx,https://investigacion.iteso.mx/
https://www.iteso.mx,https://iteso.mx/web/academia
https://www.iteso.mx,https://vinculacion.iteso.mx/
https://www.iteso.mx,https://www.iteso.mx/web/internacional
https://www.iteso.mx,https://www.iteso.mx/web/admision
https://www.iteso.mx,https://www.iteso.mx/web/radio
https://www.iteso.mx,https://emplearte.iteso.mx/
https://www.iteso.mx,https://emplearte.iteso.mx/
https://www.iteso.mx,https://posgrados.iteso.mx/
https://www.iteso.mx,https://diplomados.iteso.mx/
https://www.iteso.mx,https://prepa.iteso.mx/
https://www.iteso.mx,https://carreras.iteso.mx/
https://www.iteso.mx,https://www.iteso.mx/programas
https://www.iteso.mx,https://www.iteso.mx/programas
https://www.iteso.mx,https://www.iteso.mx/web/general/detalle?group_id=17856745
https://www.iteso.mx,https://www.iteso.mx/web/general/detalle?group_id=17864000
https://www.iteso.mx,https://www.iteso.mx/web/general/detalle?group_id=17887545
https://www.iteso.mx,https://noticias.iteso.mx
https://www.iteso.mx,https://www.iteso.mx/web/general/detalle?group_id=17856745
https://www.iteso.mx,https://www.iteso.mx/web/general/detalle?group_id=17864000
https://www.iteso.mx,https://www.iteso.mx/web/general/detalle?group_id=17887545
https://www.iteso.mx,https://noticias.iteso.mx
https://www.iteso.mx,https://www.iteso.mx/web/general/detalle?group_id=17276924
https://www.iteso.mx,https://www.iteso.mx/web/general/detalle?group_id=17276924
https://www.iteso.mx,https://www.iteso.mx/web/general/detalle?group_id=17276924
https://www.iteso.mx,https://agenda.iteso.mx
https://www.iteso.mx,https://www.iteso.mx
https://www.iteso.mx,https://www.iteso.mx
https://www.iteso.mx,https://www.iteso.mx
https://www.iteso.mx,https://www.iteso.mx
https://www.iteso.mx,https://www.iteso.mx
https://www.iteso.mx,https://www.iteso.mx
https://www.iteso.mx,https://www.iteso.mx
https://www.iteso.mx,https://www.iteso.mx
https://www.iteso.mx,https://www.iteso.mx
https://www.iteso.mx,https://www.iteso.mx
https://agenda.iteso.mx/,https://www.iteso.mx